Category,Title,Price,URL,Image,Description
"Nước hoa nữ","Rabanne Fame Parfum Mini Size
                
  								Nữ","","https://namperfume.net/products/rabanne-fame-parfum-mini-size","https://theme.hstatic.net/1000340570/1000964732/14/icon-ring.svg?v=7417","Mã hàng 110100204314 Thương hiệu Rabanne Xuất xứ Pháp Năm phát hành 2023 Nhóm hương Hương Trái Xoài, Gỗ Đàn Hương, Hương Hoa Nhài Phong cách Bí ẩn, Quyến rũ, Ngọt ngào Chưa có mô tả cho sản phẩm này"
"Nước hoa nữ","Moschino Toy 2 Mini Size
                
  								Nữ","","https://namperfume.net/products/moschino-toy-2-mini-size","https://theme.hstatic.net/1000340570/1000964732/14/icon-ring.svg?v=7417","Mã hàng 110100202865 Thương hiệu Moschino Xuất xứ Ý Năm phát hành 2018 Nhóm hương Quả lý trắng, Táo xanh, Hoa mẫu đơn, Xạ hương Phong cách Tươi mới, Dễ thương, Trẻ trung Hương đầu: Quả quýt hồng, Quả táo xanh, Hoa mộc lanHương giữa: Hoa mẫu đơn, Lý chùm trắng, Hoa nhàiHương cuối: Gỗ đàn hương, Amberwood, Xạ hương Moschino Toy 2 được ra mắt vào năm 2018, là một dòng nước hoa dành cho phụ nữ được sáng tạo bởi hai chuyên gia nước hoa hàng đầu Alberto Morillas và Fabrice Pellegrin. Nếu bạn đang tìm một mùi hương dành cho mùa hè, nhưng cảm thấy không quá ấn tượng với những mùi hương tươi mát với tone mùi chủ đạo là cam, quýt hay bưởi, thì Moschino Toy 2 sẽ giúp bạn trả lời được câu hỏi đó. Moschino Toy 2 tô điểm cho mùa hè của bất kỳ cô gái nào, biến sự nóng nực, khó chịu trở nên tươi mát và dễ chịu, nhưng vẫn đủ độ ngọt thanh nhẹ để khiến bạn cảm thấy tự tin, cuốn hút và nổi bật trước mọi không gian và thời gian. Sự phá cách trong thiết kế của hãng Moschino từ thời trang cho đến nước hoa đều không làm các fan trung thành thất vọng, khi từ thiết kế cho đến mùi hương, sự ấn tượng đến rung cảm là điều bạn sẽ nhận được khi tiếp xúc với Moschino Toy 2. Sự hòa quyện tuyệt vời của Táo xanh cùng Lý chùm trắng, nữ tính với sự có mặt của Hoa mẫu đơn, cùng sự nhẹ nhàng và đầy sáng tạo khi kết hợp Hoa mộc làn cùng với xạ hương, Moschino Toy 2 sẵn sàng biến mùa hè của bạn trở thành những khoảnh khắc tuyệt đẹp không bao giờ quên."
"Nước hoa nữ","Gucci Flora Gorgeous Jasmine Mini Size
                
  								Nữ","","https://namperfume.net/products/gucci-flora-gorgeous-jasmine-mini-size","https://theme.hstatic.net/1000340570/1000964732/14/icon-ring.svg?v=7417","Mã hàng 110100204074 Thương hiệu Gucci Xuất xứ Anh, Đức, Pháp Năm phát hành 2022 Nhóm hương Hương hoa nhài, Hoa mộc lan, Quýt hồng Phong cách Sang trọng, Thanh lịch, Gợi cảm Hương đầu: Quýt Ý, Cam Bergamot, Tiêu đen.Hương giữa: Hoa nhài, Hoa nhài Sambac, Hoa mộc lan, Hoa hồng Damask.Hương cuối: Nhựa hương Benzoin, Gỗ đàn hương Úc, Hoắc hương.Tiếp nối thành công của Flora Gorgeous Gardenia, Gucci tiếp tục cho ra mắt phiên bản tiếp theo của dòng Gucci Flora Gorgeous, với chủ điểm là một người chị em của Gardenia (Hoa dành dành), ấy là Jasmine (Hoa nhài). Nhài và Dành dành có những đặc điểm cơ bản khá giống nhau trong mùi hương, cùng nằm trong nhóm hoa trắng, và Nhài thực tế cũng đã xuất hiện trong phiên bản màu hồng được ra mắt năm 2021. Vậy Gucci Flora Gorgeous Jasmine mới được ra mắt năm 2022 sẽ có những gì thú vị dành cho chúng ta?Đúng như tên gọi của mùi hương, Hoa nhài là chủ thể được tô vẽ xinh đẹp trong Flora Gorgeous Jasmine. Nhài tươi thắm, tinh khôi và gợi cảm, ngọt ngào như những gì ta có thể tưởng tượng về một tiểu thư chuẩn mực. Nhài của Flora Gorgeous Jasmine được tô vẽ đậm nét tới mức ta có thể tận hưởng hương thơm dễ chịu này từ đầu tới cuối của mùi hương, nhưng vẫn đủ giúp ta nhận biết được sắc thái đem tới từ các vệ tinh xung quanh bông hoa dễ thương này, bằng việc chuyển biến của mùi hương.Nhài được chuyển qua từ trạng thái chua ngọt mọng nước của những nốt hương Cam chanh, cho tới cái tê ngọt ấm áp của Nhựa hương hòa trộn với những rung động nhẹ nhàng từ Đàn hương, khiến Hoa nhài vừa dễ thương, vừa sống động trong Flora Gorgeous Jasmine."
"Nước hoa nữ","Gucci Bloom Eau de Parfum For Her Mini Size
                
  								Nữ","","https://namperfume.net/products/gucci-bloom-eau-de-parfum-for-her-mini-size","https://theme.hstatic.net/1000340570/1000964732/14/icon-ring.svg?v=7417","Mã hàng 110100202841 Thương hiệu Gucci Xuất xứ Anh, Đức, Pháp Năm phát hành 2017 Nhóm hương Hoa huệ, Hoa nhài, Hoa kim ngân Phong cách Quyến rũ, Sang trọng, Quý phái Nốt hương đầu : Lá câyNốt hương giữa : Chi ngân, Nhài, HuệNốt hương cuối : Gỗ đàn hương, Vani Là một cơn gió mát của mùa xuân, tràn ngập sức sống. Gucci Bloom giống một bông hoa nhỏ bé đang từ từ nở rộ, tràn ngập giữa một vườn hoa trắng muốt đầy trang nhã. Chân thật với hương thơm của lá cây vào buổi sớm mai, chất chứa những giọt sương còn đọng lại vào đêm hôm trước. Gucci Bloom mộc mạc, trần trụi, đem lại cảm giác hồi xuân, mang tôi trở về với quá khứ, vui đùa cùng những cánh hoa trong vườn, nhâm nhi ly nước chanh mát lạnh trong một ngày nắng nóng. Chi ngân, Nhài và Huệ như hoà quyện vào gió, tạo nên một điệu nhảy của cánh hoa , mang đến những khoảnh khắc kì diệu, khác biệt và không hề gây buồn chán. Gỗ đàn hương và Vani hòa quyện với nhau như một cặp đôi đang khiêu vũ, trong veo đầy thơ mộng. Gucci Bloom là một giấc mộng của mùa xuân, mơ màng dưới bóng cây cổ thụ, nhưng biết hé nở và tỏa hương khi cần. Câu chuyện nước hoa Khánh vuốt nhẹ lên mái tóc của Mai, khẽ đưa bàn tay xuống dưới, nắm lọn tóc nhỏ và đưa lên mũi ngửi thật sâu, Gucci Bloom, chai nước hoa Khánh mua tặng Mai cách đây 6 tháng vào dịp sinh nhật, một mùi hương thơm nữ tính mà Khánh rất thích. Từ lúc 10h tối đến giờ, Khánh chẳng thể nào chợp mắt được, có lẽ là Khánh cũng chẳng muốn ngủ nữa, bởi ngồi cạnh Mai trong một bầu không khí như này thật chẳng có gì tuyệt với bằng. Nhóm bạn của Khánh và Mai đi trekking Tà Năng, và đây là đêm đầu tiên họ dừng lại ở trên lưng chừng núi để nghỉ ngơi, họ đốt lửa trại, hát cùng tiếng đàn guitar, cùng ăn thịt nướng, uống bia và đi ngủ giữ sức cho quãng đường dài còn chờ đợi phía trước. Khánh và Mai quen nhau trong một dịp cùng nhau đi phượt Tây Bắc, và họ giữ liên lạc cùng nhau qua các lần off team phượt thủ. Chẳng cần một người tinh tế cũng đủ thấy Khánh thích Mai đến như nào, Khánh luôn muốn đi cùng Mai, mang đồ cho cô ấy, và luôn hỏi han ân cần về mọi thứ, nhưng Mai thì ...đã có bạn trai. Có lẽ được ngồi cạnh ngắm Mai ngủ như này, với Khánh đã là điều tuyệt vời rồi. -Khánh thích mùi hương này lắm phải không? Gucci Bloom? đó là lý do Khánh mua tặng MaiKhánh giật mình, nhận ra Mai thức giấc từ lúc nào-Mình làm cậu tỉnh giấc ah? thực ra mình thấy đó là một mùi hương rất đẹp, nó mang lại cảm giác của thanh xuân, của những ước mơ và khát vọng. Vừa nói, khánh vừa ngại ngùng gãi đầu cười ngượng ngịu...Mai bất ngờ đặt 1 nụ hôn lên môi Khánh, chẳng kịp để Khánh nhận ra điều gì, Mai thì thầm vào tai...-Sau chuyến đi này mình sẽ kết hôn, và mình chẳng thể nào có thể phản bội được chồng của mình. 1 nụ hôn chẳng thể nào giúp Khánh quên được Mai, và cũng chẳng thể nào giúp Mai thôi nghĩ về Khánh. Thanh xuân và ước mơ này, Mai xin hẹn Khánh ở một thế giới khác...Mặt trời đã lên cao, đoàn người lại hối hả thu dọn đồ đạc cho một chặng đường dài phía trước, bỏ mặc lũ chim kêu, những cánh bướm bay phủ màu lấp lánh cả một góc đường. Mai bước qua với nụ cười thật tươi, phảng phất hương thơm của Gucci Boom, Khánh nhìn Mai, bất giác cười, có lẽ điều hạnh phúc nhất bây giờ đối với Khánh, là được thấy Mai luôn luôn hạnh phúc..."
"Nước hoa nữ","Gucci Flora Gorgeous Magnolia Mini Size
                
  								Nữ","","https://namperfume.net/products/gucci-flora-gorgeous-magnolia-mini-size","https://theme.hstatic.net/1000340570/1000964732/14/icon-ring.svg?v=7417","Mã hàng 110100204231 Thương hiệu Gucci Xuất xứ Anh, Đức, Pháp Năm phát hành 2023 Nhóm hương Hương quả mâm xôi, Hương hoa mộc lan, Hương trái dừa Phong cách Tươi mới, Thanh lịch, Tinh tế Hương đầu: Quả mâm xôi, DừaHương giữa: Hoa mộc lan, Hoa nhài, Xô thơmHương cuối: Xạ hương, Hoắc hương, Hương gỗGucci thực sự là một nhà hương biết cách yêu chiều khứu giác của phái đẹp khi liên tục cho ra những ấn phẩm từ nhóm Hương hoa. Nếu người chị cả Gorgeous Gardenia yêu kiều, Gorgeous Jasmine tươi trẻ, thì Gucci Flora Gorgeous Magnolia lại là một phiên bản bí ẩn, đằm thắm hơn cả.Nói riêng về Hoa mộc lan, đây là thứ hoa ""khó chiều"" trong giới hương bởi không phải ai cũng có thể chế tác mùi hương này cho tròn trịa. Vốn dĩ Mộc lan có cho mình một nét hương nồng nàn, đượm một chút đăng đắng rất đặc trưng, và ấn tượng để lại trong ta ấy là sự cá tính.Dưới bàn tay ma thuật của nhà Gucci, Hoa mộc lan trong Gucci Flora Gorgeous Magnolia vẫn giữ được nét độc đáo như vậy, nhưng lần này lại nhu mì và ""hiền"" hơn đôi chút dưới cách tác hợp của Dừa ngọt béo và Hoa nhài quyến rũ. Chút Mâm xôi được thêm vào như một nét chấm phá, khiến tổng thể Gorgeous Magnolia có phần mọng nước và ""ranh mãnh"" hơn."
"Nước hoa nữ","Versace Bright Crystal
                
  								Nữ","","https://namperfume.net/products/nuoc-hoa-versace-bright-crystal","https://theme.hstatic.net/1000340570/1000964732/14/icon-ring.svg?v=7417","Mã hàng 110100200571 Thương hiệu Versace Xuất xứ Ý Năm phát hành 2006 Nhóm hương Hoa mẫu đơn, Cam yuzu, Quả lưụ, Hoa sen Phong cách Tươi mát, Tinh tế, Dễ thương Hương đầu: Quả lựu, Cam Yuzu, Nước đáHương giữa: Hoa sen, Hoa mẫu đơn, Hoa mộc lanHương cuối: Hổ phách, Xạ hương, Gỗ gụVersace Bright Crystal là một trong số ít mùi hương vẫn giữ được phong độ và hào quang như khoảnh khắc lúc vừa được ra mắt. Đã có rất nhiều bài viết cảm nhận về cô nàng này nhưng tôi tin chắc rằng, ở mỗi chúng ta sẽ có những cảm nhận riêng về Versace Bright Crystal.Mở đầu quá đỗi đáng yêu xen lẫn sự tươi mát của Cam Yuzu hoà cùng Quả lựu ngọt ngào, cả hai đều được đắm mình trong làn Nước đá nên khi vừa chạm mũi tôi như gột rửa đi mọi phiền muộn. Hẳn là bạn nghĩ mình đang lạc vào một rừng hoa, với nét trong trẻo của Hoa sen, Hoa mẫu đơn mềm mại và Hoa mộc lan tinh nghịch cứ thay nhau toả hương dịu dàng tại tầng hương giữa này. Kết thúc cuộc hành trình bằng nốt hương Hổ phách gần gũi và Xạ hương sạch sẽ khiến bạn mang hoài một cảm giác bồi hồi, vấn vương về mùi hương này.Versace Bright Crystal trong tôi như một phần ký ức về khoảng thời gian tươi đẹp, vừa trong sáng lại rất ngây thơ và đáng yêu. Còn bạn thì sao? Hãy kể tôi nghe về câu chuyện của bạn và Versace Bright Crystal nhé!"
"Nước hoa nữ","Calvin Klein My Euphoria Mini Size
                
  								Nữ","","https://namperfume.net/products/calvin-klein-my-euphoria-mini-size","https://theme.hstatic.net/1000340570/1000964732/14/icon-ring.svg?v=7417","Mã hàng 110100204371 Thương hiệu Calvin Klein Xuất xứ Tây Ban Nha Năm phát hành 2023 Nhóm hương Hương hoa phong lan, Qủa nho đen, Gỗ đàn hương Phong cách Ngọt ngào, Cuốn hút, Sang trọng Chưa có mô tả cho sản phẩm này"
"Nước hoa nữ","Gift Set Jean Paul Gaultier Scandal EDP 3pcs ( EDP 80ml & EDP 6ml & Dưỡng thể 75ml )
                
  								Nữ","","https://namperfume.net/products/gift-set-jean-paul-gaultier-scandal-edp-edp-80ml-edp-6ml-duong-the-75ml","https://theme.hstatic.net/1000340570/1000964732/14/icon-ring.svg?v=7417","Mã hàng 110100202211 Thương hiệu Jean Paul Gaultier Xuất xứ Pháp, Tây Ban Nha Năm phát hành 2017 Nhóm hương Mật ong, Hoắc hương, Sáp mật ong, Hương caramen, Hoa dành dành Phong cách Gợi cảm, Sành điệu, Khiêu khích Chưa có mô tả cho sản phẩm này"
"Nước hoa nữ","Chloe Eau de Parfum
                
  								Nữ","","https://namperfume.net/products/nuoc-hoa-chloe-eau-de-parfum","https://theme.hstatic.net/1000340570/1000964732/14/icon-ring.svg?v=7417","Mã hàng 110100200105 Thương hiệu Chloe Xuất xứ Pháp, Tây Ban Nha Năm phát hành 2008 Nhóm hương Hoa hồng, Hoa mẫu đơn, Quả vải Phong cách Tươi mới, Quyến rũ, Tự tin Hương đầu: Hoa mẫu đơn, Quả vải, Hoa lan Nam Phi. Hương giữa: Hoa hồng, Hoa linh lan, Hoa mộc lan. Hương giữa: Gỗ tuyết tùng, Nhựa hổ phách. Hoa hồng luôn chiếm một vị trí quan trọng trong thế giới nước hoa, về cả tính đại diện lẫn mùi hương bản thể. Khai thác mùi hương hoa hồng là mục tiêu theo đuổi của rất nhiều nhà làm hương, nhằm khai thác mùi hương quyến rũ này cũng như cách nó kết hợp với phần còn lại của thế giới thơm. Chloé cũng là một trong số đó, và thương hiệu thậm chí còn chú trọng đến mức mở riêng một dòng hương tập trung vào hương Hoa hồng, và họ mở màn chiến dịch này vào năm 2008 với Chloé Eau de Parfum. Chloé Eau de Parfum đưa tới cho phái đẹp mùi hương Hoa hồng ngọt ngào và nữ tính, với sự kết hợp của Hoa hồng, Quả vải và Hoa mẫu đơn. Chủ điểm Hoa hồng được làm nổi bật bằng hương ngọt lịm mọng nước của Quả vải, bên cạnh sự đằm thắm của Hoa Mẫu đơn, quấn quýt lấy nhau tạo ra mùi hương của Chloé Eau de Parfum. Một chút hoa trắng được nối tiếp đằng sau, làm mùi hương gợi cảm của Chloé Eau de Parfum được thêm vào một sắc thái nữ tính nhẹ nhàng, thơ vị và đỏng đảnh hơn, bằng Linh lan và Mộc lan. Gỗ và Nhựa hổ phách ở phía sau, làm mùi hương có thêm một chút gợi cảm, tăng chiều sâu và sức nặng hơn, nhưng được tiết chế vừa đủ để mùi hương vẫn đạt được chủ đích nữ tính của hãng. Khi một cô gái đang tìm mùi hương để tạo dấu ấn riêng dành cho bản thân, thì một bông hồng ngọt ngào, hay cụ thể hơn là Chloé Eau de Parfum, xứng đáng là một lựa chọn cần để tâm đến."
"Nước hoa nữ","Gucci Bloom Eau de Parfum For Her
                
  								Nữ","","https://namperfume.net/products/nuoc-hoa-nu-gucci-bloom","https://theme.hstatic.net/1000340570/1000964732/14/icon-ring.svg?v=7417","Mã hàng 110100200239 Thương hiệu Gucci Xuất xứ Anh, Đức, Pháp Năm phát hành 2017 Nhóm hương Hoa huệ, Hoa nhài, Hoa kim ngân Phong cách Quyến rũ, Sang trọng, Quý phái Hương đầu: Hoa nhàiHương giữa: Hoa huệHương cuối: Hoa sử quân tửGucci Bloom EDP For Her, một mùi hương tiêu biểu cho một nét đẹp thanh thoát và tao nhã chuẩn Ý. Nếu bạn lỡ say đắm mùi hương thanh lịch và quyến rũ của những đoá hoa trắng, thì nhất định bạn sẽ phải ""nghiêng mình ngả mũ"" khi bắt gặp mùi hương của Gucci Bloom EDP trên phố.Chưng cất hương thơm của một vườn hoa nào Nhài và Huệ vào buổi sớm, Gucci Bloom EDP toả hương thơm nức lòng người, kiều diễm và tràn đầy sức sống. Ấy thế, đâu đó len lỏi trong từng tầng hương vẫn là chút vị đắng nhưng tươi, bạn có thể lấy mùi hương của Trà để tưởng tượng.Từng phút từng giây trôi qua, ta chỉ ngày càng thêm yêu nét hương ý tứ, sang trọng mà Gucci Bloom EDP chưng cất. Nhiều người hỏi rằng Gucci Bloom EDP phù hợp với độ tuổi nào, mà quả thật thì tôi không biết chắc, vì với tôi, đây là một mùi hương không có tuổi và đẹp đẽ vô vàn."
"Nước hoa nữ","Versace Bright Crystal Parfum
                
  								Nữ","","https://namperfume.net/products/versace-bright-crystal-parfum","https://theme.hstatic.net/1000340570/1000964732/14/icon-ring.svg?v=7417","Mã hàng 110100204679 Thương hiệu Versace Xuất xứ Ý Năm phát hành 2024 Nhóm hương Hương Ambrox Super, Hương Trái Cây Phong cách Tinh Tế, Nữ Tính, Tươi Mới Hương đầu: Quả mọng đỏ, Trái yuzu, Lựu, CaramelHương giữa: Helvetolide, Hoa mẫu đơn, Hoa sen, Hoa mộc lanHương cuối: Ambrox Super, Norlimbanol, Xạ hương ""Viên đá quý"" cuối cùng cũng đã được Versace đem lại đường đua mùi hương dưới cái tên Versace Bright Crystal Parfum. Hứa hẹn vẫn sẽ đỏng đảnh và kiêu kỳ như bao ngày, thế nhưng lại da diết và chững chạc hơn rất nhiều so với bản gốc Versace Bright Crystal đấy! Trái tim của ""viên đá quý"" nhà Versace vẫn xoay quanh hoa và trái. Hoa sen vẫn tươi xanh và ngây thơ như ngày nào, xúng xính bung tỏa bên cạnh Mẫu đơn ngọt dịu và Mộc lan giản dị. Thế nhưng càng bóc tách các cánh hoa, ta lại càng thêm cảm nhận được xúc cảm ngọt ngào của Caramel, từng chút một chiếm lấy khứu giác ta. Nếu bản gốc cho ta trải nghiệm về Hoa và Cam chanh tươi tắn như một ngày mùa hè đầy nắng, thì tạo hương lần này lại là một đêm mùa xuân. Vẫn có hương hoa đấy, nhưng lại đẫy đà và gọi mời hơn nhờ những Xạ hương và Caramel. Tràn đầy tính nữ, quyến luyến chẳng khi nào thôi nơi chóp mũi của bát kỳ ai ngửi thấy."
"Nước hoa nữ","Carolina Herrera Good Girl Eau de Parfum
                
  								Nữ","","https://namperfume.net/products/nuoc-hoa-nu-carolina-herrera-good-girl","https://theme.hstatic.net/1000340570/1000964732/14/icon-ring.svg?v=7417","Mã hàng 110100200067 Thương hiệu Carolina Herrera Xuất xứ Tây Ban Nha Năm phát hành 2016 Nhóm hương Đậu tonka, Ca cao, Hoa huệ, Hoa nhài Phong cách Quyến rũ, Nữ tính, Ngọt ngào Hương đầu: Hạnh nhân, Cà phê, Cam Bergamot, Quả chanh vàngHương giữa: Hoa huệ, Hoa nhài Sambac, Hoa cam, Rễ Diên vĩ, Hoa hồng BulgariaHương cuối: Đậu Tonka, Cacao, Vanilla, Kẹo Praline, Gỗ đàn hương, Xạ hương, Nhựa Hổ phách, Gỗ Cashmere, Quế, Hoắc hương, Tuyết tùngMột sản phẩm không thể thiếu trên kệ tủ của bất kì cô gái sành điệu nào, Caroline Herrera Good Girl Eau de Parfum là một chiếc guốc sang trọng, biểu tượng của một quý cô ngọt ngào, thanh lịch và cũng rất mạnh mẽ.Mùi hương của chai nước hoa được tạo nên bởi những điều tương phản tưởng chừng khó thể nào sánh đôi, nhưng chính những điều đó lại đem đến một sự hòa quyện hoàn hảo đến bất ngờ. Hãy tưởng tượng mà xem, Good Girl là tất thảy những sự ngọt ngào và êm dịu trên thế giới này được tổng hợp và chiết xuất lại. Tầng hương đầu tiên là mùi của Hạnh nhân ngọt bùi, cái mát mẻ của Cam Bergamot và Quả chanh vàng. Hương thơm tự nhiên, tao nhã đan xen mãnh liệt ngọt đắng tiến thẳng vào khứu giác, thúc tiến tinh thần ta và khơi gợi niềm cảm hứng cho một hành trình mới.Tầng hương giữa lại đem đến một cảm giác ngọt ngào nhưng kiêu kỳ, toả sáng bởi sự kết hợp của những loài hoa khác nhau. Hương kem beo béo của Huệ hoà quyện với Hoa nhài Sambac tươi tắn, tất thảy làm nên hương thơm nữ tính nhưng không hề ủy mị, dịu dàng mà vẫn toát lên vẻ thanh lịch của Good Girl. Và rồi tầng hương cuối nào là Đậu Tonka, Vanilla hay kẹo Praline làm cho hương thơm béo ngậy, trầm ấm, có chút thoảng Hương Gỗ đầy lắng đọng, vấn vương."
"Nước hoa nữ","Marc Jacobs Daisy Eau So Fresh Mini Size
                
  								Nữ","","https://namperfume.net/products/daisy-eau-so-fresh-mini-size","https://theme.hstatic.net/1000340570/1000964732/14/icon-ring.svg?v=7417","Mã hàng 110100203286 Thương hiệu Marc Jacobs Xuất xứ Tây Ban Nha, Pháp, Mỹ Năm phát hành 2011 Nhóm hương Green notes, Phúc bồn tử, Hoa tím, Quả lê Phong cách Trẻ trung , Tươi mới, Gợi cảm Hương đầu: bưởi, mâm xôi, lêHương giữa: hoa nhài, hoa hồng, violet, vải, hoa táoHương cuối: cây tuyết tùng, xạ hương, mậnNgay từ khoảnh khắc đầu bắt gặp Marc Jacobs Daisy Eau so fresh, chắc hẳn những mê say đã không ngừng thôi thúc thị giác bởi thiết kế đầy ngọt ngào, với những đoá hoa đang tràn đầy nhựa sống, nở rộ muôn sắc màu.Không ngừng lại ở vẻ ngoài điệu đà, nữ tính, làn hương của Marc Jacobs Daisy Eau so fresh cũng được dày công ""tẩm ướp"" bởi hương thơm hoa quả vừa đậm đà, vừa thuần tuý như đưa bạn đến một khu vườn cổ tích rợp sắc hương. Bước vào khu vườn ấy, bạn sẽ bị ""chuốc say"" ánh mắt bởi những chùm quả trĩu nặng cứ mải miết đung đưa, hương bưởi, mâm xôi, lê phả ra một làn hương vừa mê đắm, quyến rũ lẫn vào chút hăng say, sinh động, như nàng thiếu nữ đang tuổi đôi mươi, e ấp, dịu dàng như cũng không quên mang theo một tâm hồn tinh nghịch, khiến mọi ánh mắt càng thèm thuồng khám phá.Đến tầng hương giữa, hoa nhài, hoa hồng, hoa violet và hoa táo lại nắm được cơ hội để chứng minh sự cám dỗ của mình. Không quá ngào ngạt, hỗn hợp hương hoa dẫn truyền một luồng cảm hứng êm ả, nhẹ tênh nhưng ẩn chứa sức sống cuồng nhiệt, đây cũng là note hương giao thoa giữa âm hưởng mộc mạc, bình dị, cùng sự quý phái, sang trọng của những cô Nàng.Sự dịu dàng, nữ tính, thẹn thùng và đằm thắm ban đầu chẳng ở lại lâu cùng vẻ đẹp của Marc Jacobs Daisy Eau so fresh, mà thay vào đó và sự nồng nàn được lưu giữ cẩn trọng trong tầng hương cuối. Gỗ tuyết tùng, Xạ hương và quả mận như đã ấm ủ hương thơm từ lâu, rồi mạnh dạn thể hiện sự hấp dẫn và gợi cảm của mình, làm cho Marc Jacobs Daisy Eau so fresh càng thêm thú vị"
"Nước hoa nữ","MCM Diamond Eau De Parfum
                
  								Unisex","","https://namperfume.net/products/mcm-diamond-eau-de-parfum","https://theme.hstatic.net/1000340570/1000964732/14/icon-ring.svg?v=7417","Mã hàng 110100204867 Thương hiệu MCM Xuất xứ Ý Năm phát hành 2024 Nhóm hương Hương Qủa Mận, Gỗ Đàn Hương, Cappuccino Phong cách Ấm Áp, Ngọt Ngào, Cuốn Hút Hương đầu: Cappuccino, Cam Bergamot, Lá bách xù.Hương giữa: Quả mận, Hoa oải hương, Hoa vòi voi.Hương cuối: Gỗ đàn hương, Đậu Tonka, Oud.MCM Diamond Eau de Parfum: Tinh hoa hương gỗ tỏa sáng trong viên kim cươngRa mắt vào năm 2024, MCM Diamond Eau de Parfum là sự kết tinh của phong cách phi giới tính hiện đại và tinh thần xa xỉ đặc trưng của nhà mốt MCM. Lấy cảm hứng từ biểu tượng balo Stark trứ danh của thương hiệu, MCM Diamond như khối kim cương phá cách, đại diện cho vẻ đẹp táo bạo, khác biệt và đầy tự tin của bạn.Mùi hương mở đầu bùng nổ với sự kết hợp độc đáo giữa Cappuccino đậm đà, cân bằng cùng Cam bergamot tươi mát và Lá bách xù thanh thoát, mang đến cảm giác vừa thức tỉnh, vừa lôi cuốn ngay từ những phút đầu tiên. Khi lắng xuống, hương thơm mở ra sự mềm mại và quyến rũ từ hoa Oải hương, Mận chín mọng và Hoa vòi voi ngọt ngào, như một cái ôm dịu dàng giữa ngày se lạnh. Cuối cùng, điểm kết trọn vẹn cho hương thơm là tổ hợp ấm áp của Gỗ đàn hương Úc, Đậu tonka đến từ Brazil và thoảng qua hương Trầm quý giá, tạo nên lớp nền gợi cảm, sâu lắng và bền bỉ trên làn da.MCM Diamond EDP là mùi hương lý tưởng cho những ai yêu sự tinh tế, khác biệt, không trào lưu khuôn mẫu. Một hương thơm phù hợp cho cả nam và nữ, đặc biệt trong những buổi tối se lạnh, các dịp đặc biệt hoặc bất kỳ lúc nào bạn muốn để lại ấn tượng thật sâu đậm. Đây không chỉ là một chai nước hoa, mà là một tuyên ngôn phong cách: Hãy là chính bạn, lấp lánh, tự tin và khác biệt."
"Nước hoa nữ","Lattafa Yara
                
  								Nữ","","https://namperfume.net/products/lattafa-yara","https://theme.hstatic.net/1000340570/1000964732/14/icon-ring.svg?v=7417","Mã hàng 110100204786 Thương hiệu Lattafa Xuất xứ UAE Năm phát hành 2022 Nhóm hương Hương Bánh Kẹo Ngot, Vanilla, Trái Cây Phong cách Nữ Tính, Ngọt Ngào, Tinh Tế Hương đầu: Hoa lan, Hoa vòi voi, Quả quýt.Hương giữa: Bánh ngọt, Trái cây.Hương cuối: Vanilla, Gỗ đàn hương, Xạ hương.Lattafa Yara được ra mắt năm 2020, là một trong những dòng nước hoa nữ nổi bật và được yêu thích nhất của thương hiệu Lattafa. Nhờ thiết kế chai bắt mắt với tông màu hồng nữ tính và mùi hương ngọt ngào, dễ gần, Yara đã nhanh chóng chiếm được cảm tình của đông đảo người dùng trên toàn thế giới, đặc biệt là giới trẻ.Mùi hương của Yara mang đậm nét hiện đại và tươi sáng, mở đầu bằng Hoa lan, Cam ngọt quyện lấy khối hương ngọt ngào, tạo cảm giác mềm mại, nữ tính và có phần quyến rũ ngay từ những phút đầu. Tiếp tới là sự kết hợp của Vanilla và Xạ hương, mang đến chiều sâu mịn màng, để rồi kết thúc bằng Gỗ đàn hương và Xạ hương trắng, giúp mùi hương lưu lại nhẹ nhàng nhưng vẫn đầy ấn tượng.Lattafa Yara là lựa chọn lý tưởng cho phái nữ yêu thích phong cách trẻ trung, ngọt ngào và nữ tính, đặc biệt phù hợp với thời tiết mát mẻ hoặc môi trường văn phòng, từ sử dụng hằng ngày cho đến các buổi hẹn hò nhẹ nhàng, đi làm hoặc dạo phố."
"Nước hoa nữ","Gritti Chantilly
                
  								Nữ","","https://namperfume.net/products/gritti-chantilly","https://theme.hstatic.net/1000340570/1000964732/14/icon-ring.svg?v=7417","Mã hàng IP110100204536 Thương hiệu Gritti Xuất xứ Ý Năm phát hành 2018 Nhóm hương Hương Dâu Tây, Qủa Dừa, Hương Phấn Phong cách Nữ Tính, Nhẹ Nhàng, Ngọt Ngào Hương đầu: Dưa lưới, Dâu, Cam bergamotHương giữa: Táo, Dừa, Hoa lý chua đenHương cuối: Vanilla, Hương phấn, Xạ hươngNếu có thể miêu tả Gritti Chantilly một cách nhanh và dễ hiểu nhất, có lẽ tôi sẽ ví mùi hương này như một món tráng miệng mát lành, chua thanh, ngọt dịu, và dễ khiến bạn ""thèm thuồng"" mỗi khi hè về.Tôi yêu hương thơm của Trái cây, những nốt hương mọng nước, chua chua ngọt ngọt đầy sức sống, có thể làm dậy nên nguồn năng lượng cho cả một ngày - tất cả chỉ nhờ vào mùi hương. Gritti Chantilly là ấn phẩm bạn nên có nếu muốn tạm thoát khỏi bộn bề của thành phố, bởi Dưa lưới, Dâu, Táo và cả Dừa sẽ khỏa lấp bầu không khí và vẽ nên một khu vườn nhiệt đới ngay trong tâm trí của bạn.Điểm mà tôi nghĩ là xuất sắc nhất của Gritti Chantilly đó chính là hương thơm của Hoa lý chua đen. Hương hoa không ngọt ngào hay mỹ miều như những loại hoa bạn thường tiếp xúc. Loài hoa này đặc biệt có cho mình hơi hướm của Gỗ, dày dặn và đầy dẫn dụ. Chính nốt hương này đã điểm xuyết thêm chiều sâu cho tổng thể, làm Chantilly trẻ trung nhưng không hề trung tính."
"Nước hoa nữ","Gritti TuTù Blanc
                
  								Nữ","","https://namperfume.net/products/gritti-tutu-blanc","https://theme.hstatic.net/1000340570/1000964732/14/icon-ring.svg?v=7417","Mã hàng IP110100204538 Thương hiệu Gritti Xuất xứ Ý Năm phát hành 2020 Nhóm hương Hương Xạ Hương, Qủa Dừa, Qủa Mâm Xôi Phong cách Nhẹ Nhàng, Nũ Tính, Ngọt Ngào Hương đầu: Dừa, Quả táo, Quả lý chua đen, Quả bưởi hồng.Hương giữa: Hoa vòi voi, Hoa nhài, Hoa hồng.Hương cuối: Xạ hương, Quả mâm xôi, Vanilla, Nhựa hổ phách.Tutù Blanc, hay chiếc váy múa màu trắng, có thể coi là đại diện cho nét đẹp thuần khiết của nghệ thuật đến từ Gritti. Có phần liên quan và như một phiên bản tiếp nối của Tutù với chiếc chai đựng màu hồng ra mắt trước đó, nhưng sự tinh khiết trọn vẹn của ""phiên bản màu trắng"" chắc chắn sẽ khiến ta phải đặt nhiều lưu tâm và thời gian thưởng thức hơn một ""flanker thông thường"".Không còn sâm panh lăn tăn gợn sủi, phần mở đầu của Tutù Blanc hoàn toàn là minh chứng cho sự thuần khiết tôi đã đề cập ở phía trên. Trái cây mọng ngọt, được đôn thêm sự nữ tính điệu đà đầy hấp dẫn của cái béo ngậy từ Dừa, sẽ như một lời nhắn nhủ tới ta về nét nữ tính tuyệt đối, một tiểu thư hiền dịu, điệu đà và tinh khiết. Không chỉ là trái cây, hương thơm của Hoa tới dồn dập sau đó, không để cho ""trái tim nữ tính"" thôi đập bất kể phút giây nào, một khối hoa được quyện nhuyễn lại, đảm bảo cho nét phức tạp sang trọng hoàn chỉnh của hương thơm đến từ nước Ý.Rõ ràng, để tóm gọn lại hương thơm của Tutù Blanc, không gì xứng đáng hơn một lời ngợi khen cho tấm váy múa màu trắng điệu đà, mơ màng mà thừa đủ sự sang trọng, một hương thơm rất ""thơ""."
"Nước hoa nữ","Lattafa Ramz Silver
                
  								Unisex","","https://namperfume.net/products/lattafa-ramz-silver","https://theme.hstatic.net/1000340570/1000964732/14/icon-ring.svg?v=7417","Mã hàng 110100204782 Thương hiệu Lattafa Xuất xứ UAE Năm phát hành 2021 Nhóm hương Hương Vanilla, Quả Lê, Hoa Oải Hương Phong cách Tươi Mát, Tinh Tế, Cuốn Hút Hương đầu: Quả lê, Oải hương, Cam Bergamot, Bạc hà.Hương giữa: Bạch đậu khấu, Xô thơm.Hương cuối: Vanilla, Nhựa hổ phách, Xạ hương, Hoắc hương.Lattafa Ramz Silver, được ra mắt vào khoảng năm 2021 và nhanh chóng trở thành một trong những sản phẩm bán chạy của Lattafa trong phân khúc nước hoa nam. Với thiết kế chai hiện đại, nam tính cùng mùi hương mang âm hưởng phương Tây rõ nét, Ramz Silver đã chinh phục được nhiều tín đồ nước hoa trên toàn thế giới, đặc biệt là những ai yêu thích phong cách hương thơm kiểu Gỗ tươi lịch thiệp.Mùi hương của Ramz Silver mở đầu đầy năng động với sự hòa quyện giữa Quýt hồng, Cam bergamot và một chút Gia vị, tạo nên cảm giác sảng khoái và đầy sinh lực. Lớp hương giữa tiếp tục lan tỏa nét thanh lịch với Oải hương, Hoa sen và Vạch đậu khấu. Cuối cùng, tầng hương nền để lại dấu ấn trầm ổn và nam tính với Gỗ đàn hương, Patchouli, Xạ hương gợi cảm cùng một chút Vanilla ngọt nhẹ.Ramz Silver là lựa chọn lý tưởng cho nam giới theo đuổi phong cách hiện đại, chững chạc và lịch thiệp, đặc biệt phù hợp trong môi trường công sở, các buổi gặp mặt chuyên nghiệp hoặc sử dụng hàng ngày vào những ngày mát mẻ."
"Nước hoa nữ","Gucci Bloom Eau de Toilette
                
  								Nữ","","https://namperfume.net/products/gucci-bloom-eau-de-toilette","https://theme.hstatic.net/1000340570/1000964732/14/icon-ring.svg?v=7417","Mã hàng 110100203606 Thương hiệu Gucci Xuất xứ Anh, Đức, Pháp Năm phát hành 2022 Nhóm hương Hương hoa huệ, Hoa nhài, Hoa cam Phong cách Sang trọng, Thanh lịch, Quyến rũ Hương đầu: Hoa cam, Cam bergamot, Cam quýt, Chanh vàngHương giữa: Hoa huệ, Hoa nhài, Hoa cam, Hoa sử quân tửHương cuối: Xạ hương trắng, Đàn hươngTiếp nối thành công của Gucci Bloom EDP, nhà hãng đã cho ra mắt phiên bản EDT với nhiều nét trẻ trung, thanh thoát và cưng nựng khứu giác ít nhiều. Nếu bạn từng thấy Gucci Bloom EDP có hơi chững chạc với mình, thì Gucci Bloom EDT sẽ lại mở ra cho bạn một trải nghiệm mùi hương mới đó.Nàng thơ xuân nhà Gucci vẫn gữ nguyên DNA mùi hương chính là những bó hoa trắng muốt, rạng ngời mà không hào nhoáng với Hoa huệ và Hoa nhài. Thế nhưng lần này, lẫn đâu đó trong từng cánh hoa mỏng tang lại thoang thoảng chút sắc sảo, mọng nước đặc trưng của Cam chanh và đượm lại chút đắng ngót như trà non.Chỉ cần để ý kỹ hơn, hít một hơi thật đẫy, bạn sẽ còn thấy được dư vị ngọt thanh như trái cây, hương thơm ấy đến từ Hoa sử quân tử đó. Và chính những nụ hoa đỏ tươi, chúm chím mà đáng yêu này đã hình thành nên một Gucci Bloom EDT trẻ trung, hiện đại và mới mẻ hơn rất nhiều."
"Nước hoa nữ","Versace Crystal Noir Parfum
                
  								Nữ","","https://namperfume.net/products/versace-crystal-noir-parfum","https://theme.hstatic.net/1000340570/1000964732/14/icon-ring.svg?v=7417","Mã hàng 110100204681 Thương hiệu Versace Xuất xứ Ý Năm phát hành 2024 Nhóm hương Hương Gia Vị, Hổ Phách, Vanila Phong cách Trưởng Thành, Tinh Tế, Cuốn Hút Hương đầu: Gia vị, Tiêu hồng, Quả lý chua đenHương giữa: Hoa huệ, Caramel, Hoa linh lanHương cuối: Hổ phách, Vanilla, Gỗ đàn hương, Akigalawood, Hoa lan Versace Crystal Noir Parfum dưới góc nhìn cá nhân của tôi mà nói, là hương thơm đậm chất Versace nhất. Táo bạo, không nhún nhường, lấp lánh và thời thượng. Bright Crystal thì quá nhu mì, bản gốc Crystal Noir lại thiếu đi một chút sự bạo dạn, nhưng Crystal Noir Parfum lại đầy đủ cái nét ma mị và tinh ranh mà tôi vốn trông chờ từ bất kỳ tạo hương nào từ nhà Versace. Trước khi cho ta thưởng thức những cánh hoa, Crystal Noir Parfum lại mở ra tấm màn của Gia vị và Gỗ. Gia vị cay hăng, Gỗ trầm lắng sâu êm, cả hai nét màu tối tưởng chừng như thô ráp và cứng cạnh, thế nhưng vì đại cục mà mềm mại và uyển chuyển quấn quanh các thức hoa yêu kiều. Hoa huệ và Linh lan, nếu bạn yêu hoa trắng thì bạn sẽ lại càng thêm lạc lối khi thưởng thức Crystal Noir Parfum. Dẫu chúng mất đi vẻ xanh tươi vốn dĩ, nhưng nét nồng nàn và da thịt như được đánh bóng thêm khi đi kèm với Hổ phách và Vanilla, có thể nói đây là một hương hoa không dễ xơi. Một hương thơm khiến người mặc hãnh diện khi dùng, khiến người đối diện ghen tị vì không có, một hương thơm rất Versace."
"Nước hoa nữ","Gritti Adèle
                
  								Nữ","","https://namperfume.net/products/gritti-adele","https://theme.hstatic.net/1000340570/1000964732/14/icon-ring.svg?v=7417","Mã hàng IP110100204535 Thương hiệu Gritti Xuất xứ Ý Năm phát hành 2018 Nhóm hương Hương Hoa Mộc Hương, Hoa Huệ, Hoa Thủy Tiên Phong cách Đơn Giản, Tinh Tế, Thanh Lịch Hương đầu: Hoa nhài, Hoa hồng tháng 5, Hoa mộc têHương giữa: Hoa huệ, Hoa thuốc lá, Hoa thủy tiênHương cuối: Hổ phách, Gỗ tuyết tùng, Xạ hươngNhững ai yêu nghệ thuật đều biết đến bức tranh The Lady In Gold nổi tiếng (phác họa chân dung quý bà Adele Bloch-Bauer) được thực hiện bởi Gustav Klimt. Cái tên Grittie Adele cũng từ đó mà ra, và mùi hương cũng khai thác độc đáo nốt hương của Hoa mộc tê, loài hoa mang màu vàng rực tựa như tranh vẽ ấy, cùng những cánh hoa bé li ti, và mùi hương nồng nàn, béo mềm và thanh chua cùng một lúc.Nói riêng về Hoa mộc tê, tôi luôn lấy làm lạ vì sao thứ hoa nhỏ nhắn có phần mong manh này, lại ẩn chứa rất nhiều sắc thái trong mình. Đôi khi mềm mại béo ngon, đôi khi phấn mềm bay bổng, thi thoảng lại xanh màu lá và hơi đăng đắng hơi chóp mũi. Nhờ có Nhài và Hồng cùng Huệ nâng đỡ và Gritti Adele trở nên ""đàn bà"" hơn bao giờ hết.Tôi chưa bao giờ hết ngỡ ngàng trước sự sáng tạo của nhà Gritti, nhưng đứng trước Gritti Adele - một ấn phẩm hương hoa rất mỹ miều và tuyệt sắc này - tôi hoàn toàn bị thuyết phục và đoán rằng bạn cũng sẽ như vậy!"
"Nước hoa nữ","Chloe Eau de Parfum Mini Size
                
  								Nữ","","https://namperfume.net/products/chloe-eau-de-parfum","https://theme.hstatic.net/1000340570/1000964732/14/icon-ring.svg?v=7417","Mã hàng 110100202838 Thương hiệu Chloe Xuất xứ Pháp, Tây Ban Nha Năm phát hành 2008 Nhóm hương Hoa hồng, Hoa mẫu đơn, Quả vải Phong cách Tươi mới, Quyến rũ, Tự tin Hương Đầu: Hoa mẫu đơn, Hoa lan Nam Phi, Quả vảiHương giữa: Hoa hồng, Hoa linh lan thung lũngHương cuối: Hổ phách, Gỗ tuyết tùng Chloe Eau de Parfum là cô nàng khó định nghĩa nhất về độ tuổi của nhà Chloe. Bạn có thể thấy nhiều người bàn tán về một cô gái ở tuổi mới lớn, hồn nhiên và yêu đời ở nơi cô nàng này, và cũng sẽ bắt gặp nhiều cuộc hội thoại khác về Chloe Eau de Parfum, nhưng ở khía cạnh trưởng thành, cuốn hút và có chút gì đó táo bạo. Hãng Chloe đã từng giới thiệu ở ngày công bố Chloe Eau de Parfum rằng đây là một dòng nước hoa tinh tế, nhẹ nhàng và rất thiên nhiên, một dòng nước hoa đặc trưng của hoa cỏ phương đông, nhưng khi tiếp xúc với cô ấy, sự tươi sáng và ngập tràn tự do còn là điều mà hãng đã quên nhắn nhủ với những khách hàng trung thành của mình. Hoa hồng và Hoa mẫu đơn nhẹ nhàng đưa tâm trí của bạn vào một khu vườn nhiều hoa, sự ngọt ngào tinh khiết của Trái vải khiến khứu giác bừng tỉnh, vô tình chạm tới sự nồng nhiệt của Gỗ tuyết tùng và Hổ phách. Chloe Eau de Parfum khiến sự rung cảm trỗi dậy ở mọi nơi, nhưng khéo léo và tinh tế theo cách chẳng ai có thể ngờ."
"Nước hoa nữ","Lattafa Qaed Al Fursan
                
  								Unisex","","https://namperfume.net/products/lattafa-qaed-al-fursan","https://theme.hstatic.net/1000340570/1000964732/14/icon-ring.svg?v=7417","Mã hàng 110100204780 Thương hiệu Lattafa Xuất xứ UAE Năm phát hành 2016 Nhóm hương Hương Dứa, Hoa Nghệ Tây, Hổ Phách Phong cách Độc Đáo, Tinh Tế, Lich Lãm Hương đầu: Dứa, Nhụy nghệ tây.Hương giữa: Nhựa lãnh sam, Hoa nhài.Hương cuối: Nhựa hổ phách, Gỗ tuyết tùng, Oud.Lattafa Qaed Al Fursan là một trong những dòng nước hoa được yêu thích nhất của Lattafa kể từ khi ra mắt vào năm 2016. Với thiết kế chai mạnh mẽ, mang phong cách chiến binh Ả Rập và mùi hương gợi cảm, táo bạo, Qaed Al Fursan đã nhanh chóng chiếm được cảm tình của đông đảo người dùng, đặc biệt là những ai yêu thích phong cách Trái cây tươi - Gỗ và mùi hương sang trọng mang hơi hướng unisex.Ngay từ lớp hương đầu, Qaed Al Fursan gây ấn tượng với sự kết hợp giữa Dứa tươi, Lý chua đen và Cam bergamot, tạo cảm giác sảng khoái và nổi bật. Trái cây dần khô lại và lắng đọng, để lộ ra tầng hương giữa mang đậm sắc thái hiện đại với Gỗ tuyết tùng, chút hoa nhè nhẹ, phủ lên lớp nền đầy dấu ấn ấm áp, quyến rũ với Long diên hương, chút Rêu sồi chỉn chu rắn rỏi, cùng Gỗ đàn hương và Vanilla ngọt ngào.Qaed Al Fursan phù hợp cho cả nam và nữ, đặc biệt là những ai yêu thích phong cách tự tin, cá tính và có chút bí ẩn. Mùi hương lý tưởng cho mùa thu đông hoặc các buổi tiệc tối, gặp gỡ bạn bè và những dịp cần để lại ấn tượng mạnh mẽ. Mang trong mình DNA sang trong quen thuộc của những Creed Aventus, Nishane Hacivat, Qaed Al Fursan làm sống lại kỷ niệm của người chơi hương với Black XS của Paco Rabanne, một hương thơm đã biến mất khỏi thị trường đương đại."
"Nước hoa nữ","Armaf Uniq Effects Of Uniq
                
  								Unisex","","https://namperfume.net/products/armaf-uniq-effects-of-uniq","https://theme.hstatic.net/1000340570/1000964732/14/icon-ring.svg?v=7417","Mã hàng 110100204808 Thương hiệu Armaf Xuất xứ Dubai Năm phát hành 2024 Nhóm hương Hương Vanilla, Cà Phê, Caramel Phong cách Thanh Lịch, Nhẹ Nhàng, Ngọt Ngào Chưa có mô tả cho sản phẩm này"
"Nước hoa nữ","Chloe Naturelle Mini Size
                
  								Nữ","","https://namperfume.net/products/chloe-naturelle-mini-size","https://theme.hstatic.net/1000340570/1000964732/14/icon-ring.svg?v=7417","Mã hàng 110100203513 Thương hiệu Chloe Xuất xứ Pháp, Tây Ban Nha Năm phát hành 2021 Nhóm hương Hoa hồng, Hoa mimosa, Quả thanh yên Phong cách Thanh lịch, Nữ tính, Quyến rũ"
"Nước hoa nữ","Gucci Flora Gorgeous Orchid Eau de Parfum
                
  								Nữ","","https://namperfume.net/products/gucci-flora-gorgeous-orchid-eau-de-parfum","https://theme.hstatic.net/1000340570/1000964732/14/icon-ring.svg?v=7417","Mã hàng 110100204813 Thương hiệu Gucci Xuất xứ Tây Ban Nha Năm phát hành 2024 Nhóm hương Hương Vanilla, Hoa Phong Lan, Ozonic Notes Phong cách Ngọt Ngào, Nhẹ Nhàng, Nữ tính Hương đầu: VanillaHương giữa: Phong lan VanillaHương cuối: OzonicGucci Flora Gorgeous Orchid là phiên bản mới nhất trong bộ sưu tập Flora Gorgeous, tiếp tục khai thác vẻ đẹp nữ tính đặc trưng của nhà Gucci, với một hướng đi khác: kết hợp Hoa lan, Vanilla và cảm giác trong trẻo thoáng đãng. Được pha chế bởi Marie Salamagne, hương thơm này là lời tuyên ngôn cho những tâm hồn trẻ trung nhưng không kém phần sâu sắc, hay những quý cô luôn tìm kiếm sự dịu dàng có điểm nhấn.Ngay từ những nốt đầu tiên, Flora Gorgeous Orchid gây ấn tượng với Vanilla mềm mại, ngọt ngào, tạo cảm giác như lớp kem mịn bao bọc làn da. Vanilla, biểu tượng của sự gợi cảm ấn tượng, giúp mùi hương phát triển theo sang trọng, gợi cảm nhưng không phô trương. Điểm thú vị nhất nằm ở Ozonic notes, mang đến cảm giác thoáng đãng, trong trẻo như làn gió nhẹ, làm dịu lại toàn bộ độ ngọt, tạo ra một bản hương cân bằng xuyên suốt.Gucci Flora Gorgeous Orchid là lựa chọn lý tưởng cho những cô gái yêu phong cách dịu dàng, thanh thoát nhưng vẫn muốn khẳng định bản sắc riêng. Mùi hương đặc biệt phù hợp trong tiết trời xuân hè, khi trời ấm hoặc bất kỳ khoảnh khắc nào bạn muốn lan tỏa sự nữ tính theo cách nhẹ nhàng, hiện đại và tinh tế."
"Nước hoa nữ","429 Too Many Requests","","https://namperfume.net/products/anna-sui-sky-mini-size","",""
"Nước hoa nữ","429 Too Many Requests","","https://namperfume.net/products/montale-aoud-leather","",""
"Nước hoa nữ","429 Too Many Requests","","https://namperfume.net/products/nuoc-hoa-nu-scandal-jean-paul-gaultier","",""
"Nước hoa nữ","429 Too Many Requests","","https://namperfume.net/products/salvatore-ferragamo-savane-di-seta","",""
"Nước hoa nữ","429 Too Many Requests","","https://namperfume.net/products/nuoc-hoa-nu-giorgio-armani-si-passione","",""
"Nước hoa nữ","429 Too Many Requests","","https://namperfume.net/products/gucci-bloom-parfum","",""
"Nước hoa nữ","429 Too Many Requests","","https://namperfume.net/products/gritti-gossip-night","",""
"Nước hoa nữ","429 Too Many Requests","","https://namperfume.net/products/monotheme-il-libro-degli-agrumi-verde-di-arancia","",""
"Nước hoa nữ","429 Too Many Requests","","https://namperfume.net/products/rabanne-fame","",""
"Nước hoa nữ","429 Too Many Requests","","https://namperfume.net/products/kajal-dahab","",""
"Nước hoa nữ","429 Too Many Requests","","https://namperfume.net/products/nishane-ani","",""
"Nước hoa nữ","429 Too Many Requests","","https://namperfume.net/products/gritti-pomelo-sorrento","",""
"Nước hoa nữ","429 Too Many Requests","","https://namperfume.net/products/chloe-nomade-absolu-de-parfum-1","",""
"Nước hoa nữ","429 Too Many Requests","","https://namperfume.net/products/monotheme-il-libro-degli-agrumi-lime","",""
"Nước hoa nữ","429 Too Many Requests","","https://namperfume.net/products/kajal-lamar","",""
"Nước hoa nữ","429 Too Many Requests","","https://namperfume.net/products/armaf-odyssey-limoni-fresh-edition","",""
"Nước hoa nữ","429 Too Many Requests","","https://namperfume.net/products/burberry-goddess-eau-de-parfum-intense","",""
"Nước hoa nữ","429 Too Many Requests","","https://namperfume.net/products/gift-set-gucci-flora-gorgeous-magnolia-3pcs-edp-100ml-edp-5ml-edp-10ml","",""
"Nước hoa nữ","429 Too Many Requests","","https://namperfume.net/products/nishane-hacivat-1","",""
"Nước hoa nữ","429 Too Many Requests","","https://namperfume.net/products/nuoc-hoa-nu-moschino-toy-2-edp","",""
"Nước hoa nữ","429 Too Many Requests","","https://namperfume.net/products/nuoc-hoa-hugo-boss-the-scent-for-her","",""
"Nước hoa nữ","429 Too Many Requests","","https://namperfume.net/products/gucci-flora-gorgoeus-magnolia","",""